{"average_wer": 1.0, "f1_score": 0.8981847239010493, "average_latency": 0.054005227887864354, "peak_memory_usage": 9961.767578125, "mq": 0.673638542925787}